Theta_1,Theta_2,Agg,WorktoNot
0.00493479,2.5,0.118818,0.363594
