Weekly mortality rate for pop. 0-4, 5-9, ..., 70-74, 75+
0.00026
0.00027
0.00030
0.00032
0.00035
0.00038
0.00043
0.00048
0.00055
0.00064
0.00077
0.00096
0.00128
0.00192
0.00385
0.01923
