Weekly mortality rate for pop. 0-4, 5-9, ..., 70-74, 75+
0.000026
0.000027
0.000030
0.000032
0.000035
0.000038
0.000043
0.000048
0.000055
0.000064
0.000077
0.000096
0.000128
0.000192
0.000385
0.001923
